{"name": "anti-accuracy", "train": [0.40625, 0.5, 0.46875, 0.5, 0.53125, 0.5, 0.34375, 0.53125, 0.46875, 0.46875, 0.6875, 0.375, 0.5625, 0.4375, 0.4375, 0.4375, 0.5625, 0.625, 0.53125, 0.375, 0.53125, 0.53125, 0.5625, 0.6875, 0.5, 0.5625, 0.5, 0.625, 0.4375, 0.75, 0.5625, 0.5, 0.4375, 0.46875, 0.40625, 0.59375, 0.46875, 0.46875, 0.46875, 0.5625, 0.4375, 0.65625, 0.5625, 0.46875, 0.78125, 0.4375, 0.5625, 0.5, 0.53125, 0.4375, 0.53125, 0.40625, 0.5, 0.53125, 0.625, 0.4375, 0.625, 0.71875, 0.4375, 0.1875, 0.4375, 0.46875, 0.5625, 0.53125, 0.5625, 0.5, 0.46875, 0.53125, 0.46875, 0.53125, 0.5, 0.5, 0.53125, 0.5, 0.625, 0.53125, 0.5625, 0.5625, 0.53125, 0.53125, 0.6875, 0.5625, 0.65625, 0.59375, 0.46875, 0.5625, 0.4375, 0.6875, 0.375, 0.625, 0.5625, 0.5625, 0.65625, 0.46875, 0.5, 0.5, 0.5625, 0.59375, 0.4375, 0.53125], "dev": [0.5254934210526315, 0.5205592105263158], "test": [0.5426136363636364, 0.5380681818181818]}