{"name": "anti-accuracy", "train": [0.59375, 0.46875, 0.5, 0.5, 0.5, 0.46875, 0.46875, 0.5, 0.4375, 0.4375, 0.5625, 0.46875, 0.5625, 0.53125, 0.4375, 0.65625, 0.59375, 0.5, 0.5625, 0.6875, 0.46875, 0.53125, 0.71875, 0.65625, 0.625, 0.71875, 0.59375, 0.53125, 0.6875, 0.75, 0.59375, 0.46875, 0.375, 0.5625, 0.4375, 0.46875, 0.53125, 0.40625, 0.4375, 0.40625, 0.53125, 0.53125, 0.5, 0.53125, 0.4375, 0.4375, 0.5625, 0.53125, 0.46875, 0.46875, 0.40625, 0.53125, 0.5625, 0.59375, 0.71875, 0.6875, 0.59375, 0.71875, 0.4375, 0.59375, 0.40625, 0.53125, 0.71875, 0.5625, 0.5, 0.375, 0.6875, 0.59375, 0.375, 0.5, 0.53125, 0.5625, 0.59375, 0.5625, 0.6875, 0.5, 0.65625, 0.6875, 0.5625, 0.375, 0.4375, 0.5, 0.53125, 0.625, 0.4375, 0.34375, 0.4375, 0.5, 0.5, 0.53125, 0.59375, 0.5625, 0.4375, 0.46875, 0.59375, 0.75, 0.59375, 0.53125, 0.5625, 0.5625], "dev": [0.5069444444444444, 0.5286458333333334], "test": [0.4744318181818182, 0.5357954545454545]}