{"name": "continuity", "train": [0.4589412808418274, 0.5377985835075378, 0.5078094005584717, 0.4900641441345215, 0.5346118211746216, 0.5113340616226196, 0.4778015613555908, 0.4968351721763611, 0.47921472787857056, 0.47083669900894165, 0.4926426410675049, 0.48512279987335205, 0.5183025598526001, 0.48171764612197876, 0.49248206615448, 0.5186778903007507, 0.5285296440124512, 0.5360970497131348, 0.5218261480331421, 0.486678808927536, 0.4762924313545227, 0.48402905464172363, 0.5113084316253662, 0.47661304473876953, 0.4965967535972595, 0.5256966948509216, 0.4990166425704956, 0.48135900497436523, 0.4784867763519287, 0.4929170608520508, 0.48933881521224976, 0.4585181176662445, 0.5062313079833984, 0.48043346405029297, 0.4885239601135254, 0.4850795269012451, 0.4692777395248413, 0.4573984146118164, 0.4633053243160248, 0.49715563654899597, 0.4636034369468689, 0.4697521924972534, 0.48786333203315735, 0.42978447675704956, 0.4704897999763489, 0.4699903130531311, 0.47298118472099304, 0.49056804180145264, 0.4207783639431, 0.4561074674129486, 0.43746036291122437, 0.4965476989746094, 0.4611140191555023, 0.4933210015296936, 0.45791253447532654, 0.4293668270111084, 0.458967387676239, 0.4232097864151001, 0.4364239275455475, 0.4446798861026764, 0.39287492632865906, 0.41037818789482117, 0.3988218903541565, 0.43018659949302673, 0.3990105390548706, 0.44168156385421753, 0.3972456157207489, 0.44314736127853394, 0.3708440065383911, 0.44281911849975586, 0.38109290599823, 0.414249986410141, 0.3780187666416168, 0.37578657269477844, 0.3744990825653076, 0.3763382136821747, 0.34433573484420776, 0.31449466943740845, 0.37465372681617737, 0.3707064390182495, 0.3276226818561554, 0.34185636043548584, 0.3278164267539978, 0.3119819164276123, 0.3450959324836731, 0.3279775083065033, 0.3249463438987732, 0.29062625765800476, 0.2580692768096924, 0.2709302306175232, 0.30041319131851196, 0.2724989652633667, 0.2659785747528076, 0.27412527799606323, 0.2448599487543106, 0.23991823196411133, 0.22555860877037048, 0.21997129917144775, 0.2539339065551758, 0.2057499885559082], "dev": [0.0, 0.0], "test": [0.0, 0.0]}