{"name": "continuity", "train": [0.46880096197128296, 0.5029914975166321, 0.4840857684612274, 0.49070239067077637, 0.4937141537666321, 0.4836927056312561, 0.4860372543334961, 0.49756261706352234, 0.5046562552452087, 0.48421430587768555, 0.5118012428283691, 0.49723321199417114, 0.49292081594467163, 0.4843650162220001, 0.4889068901538849, 0.4881407618522644, 0.47725045680999756, 0.5124899744987488, 0.5273524522781372, 0.5012969970703125, 0.4950277805328369, 0.4894942045211792, 0.5011434555053711, 0.475275456905365, 0.4997091293334961, 0.5118618607521057, 0.496028333902359, 0.4440276622772217, 0.461556077003479, 0.49916186928749084, 0.4793512225151062, 0.45819878578186035, 0.48567473888397217, 0.4700097441673279, 0.49193236231803894, 0.5046777129173279, 0.4519859850406647, 0.4688436985015869, 0.48826512694358826, 0.4921268820762634, 0.47686439752578735, 0.44873690605163574, 0.46675556898117065, 0.4799315333366394, 0.432629257440567, 0.4725891053676605, 0.4655161499977112, 0.447903573513031, 0.4605332911014557, 0.4852178990840912, 0.43062466382980347, 0.4652782082557678, 0.4644259512424469, 0.45955127477645874, 0.47954636812210083, 0.4598381519317627, 0.4348585903644562, 0.46083199977874756, 0.4212895631790161, 0.46061283349990845, 0.41635584831237793, 0.38893577456474304, 0.4348922073841095, 0.4052821099758148, 0.4032858908176422, 0.41342324018478394, 0.4107975363731384, 0.3403487503528595, 0.3615460991859436, 0.42049187421798706, 0.40109938383102417, 0.34941762685775757, 0.37927931547164917, 0.3523003160953522, 0.40076255798339844, 0.34979182481765747, 0.28171518445014954, 0.2832189202308655, 0.33935439586639404, 0.3161734342575073, 0.29107820987701416, 0.23411022126674652, 0.29272037744522095, 0.2818198800086975, 0.27032604813575745, 0.2598036527633667, 0.2509734630584717, 0.2734726071357727, 0.2508994936943054, 0.21314240992069244, 0.17175008356571198, 0.24416053295135498, 0.18351992964744568, 0.2150266319513321, 0.18405872583389282, 0.21132490038871765, 0.15418323874473572, 0.16831465065479279, 0.16805821657180786, 0.1301242560148239], "dev": [0.0, 0.0], "test": [0.0, 0.0]}