{"name": "sparsity", "train": [0.4816208779811859, 0.4975995719432831, 0.515291690826416, 0.4948953092098236, 0.5161982774734497, 0.4900222420692444, 0.5082629919052124, 0.49208328127861023, 0.4818093776702881, 0.49572086334228516, 0.47123026847839355, 0.46932417154312134, 0.47249847650527954, 0.4472692906856537, 0.4687112271785736, 0.43990468978881836, 0.4851143956184387, 0.44269004464149475, 0.4747982621192932, 0.4673658311367035, 0.4168214797973633, 0.43831709027290344, 0.44084492325782776, 0.4338724613189697, 0.410503089427948, 0.44071877002716064, 0.44282495975494385, 0.4514361321926117, 0.38366538286209106, 0.40389686822891235, 0.4497610330581665, 0.4102632403373718, 0.4141988158226013, 0.45378828048706055, 0.3951154351234436, 0.40626052021980286, 0.4406612515449524, 0.3997403383255005, 0.4114846885204315, 0.39029794931411743, 0.4001464247703552, 0.3623725175857544, 0.3926239609718323, 0.358478307723999, 0.4079379439353943, 0.3636382818222046, 0.3658522069454193, 0.3943706452846527, 0.3765108585357666, 0.3504663109779358, 0.37967753410339355, 0.37657397985458374, 0.3272475600242615, 0.38065218925476074, 0.36290648579597473, 0.3408278226852417, 0.3097081482410431, 0.34124472737312317, 0.37274885177612305, 0.32868269085884094, 0.28425663709640503, 0.3278294801712036, 0.305416464805603, 0.32721084356307983, 0.2724139094352722, 0.30829569697380066, 0.3227476477622986, 0.3223201334476471, 0.2661850154399872, 0.3088364601135254, 0.27212461829185486, 0.2865506410598755, 0.27637821435928345, 0.27119505405426025, 0.25088512897491455, 0.24611572921276093, 0.22812984883785248, 0.2130008339881897, 0.25409644842147827, 0.27242156863212585, 0.21528387069702148, 0.21292829513549805, 0.22321759164333344, 0.1974121630191803, 0.2162386178970337, 0.1999424397945404, 0.20684346556663513, 0.18468189239501953, 0.16771160066127777, 0.18189330399036407, 0.19550280272960663, 0.19183090329170227, 0.16965769231319427, 0.15827932953834534, 0.16405321657657623, 0.1484595239162445, 0.14269354939460754, 0.14598718285560608, 0.14989039301872253, 0.13380518555641174], "dev": [0.0, 0.0], "test": [0.0, 0.0]}