{"name": "sparsity", "train": [0.46592915058135986, 0.5133448243141174, 0.5102717876434326, 0.5040880441665649, 0.4898390769958496, 0.48716074228286743, 0.4980517029762268, 0.513029932975769, 0.5016660094261169, 0.4741360545158386, 0.47668638825416565, 0.46412134170532227, 0.4569123685359955, 0.4107378125190735, 0.46139591932296753, 0.46410220861434937, 0.48140865564346313, 0.43424418568611145, 0.4536818265914917, 0.4586361050605774, 0.4432028830051422, 0.4567001760005951, 0.4419366717338562, 0.44361039996147156, 0.41991859674453735, 0.4497283697128296, 0.427493691444397, 0.4161803424358368, 0.434037983417511, 0.41201478242874146, 0.42717045545578003, 0.457328736782074, 0.42145752906799316, 0.4396873414516449, 0.38542667031288147, 0.4090079069137573, 0.4069182276725769, 0.4229138493537903, 0.4361315965652466, 0.3793635368347168, 0.4082682430744171, 0.39260512590408325, 0.39797693490982056, 0.38743430376052856, 0.3848056495189667, 0.3696597218513489, 0.36470937728881836, 0.3664622902870178, 0.377096951007843, 0.3627774119377136, 0.3656597137451172, 0.3705034554004669, 0.34933918714523315, 0.34205251932144165, 0.36610284447669983, 0.35171419382095337, 0.3211778402328491, 0.3237748146057129, 0.313563734292984, 0.32931727170944214, 0.33242499828338623, 0.3081483244895935, 0.2960485816001892, 0.2944183945655823, 0.29849836230278015, 0.28012946248054504, 0.29558610916137695, 0.2573234736919403, 0.24404306709766388, 0.28052133321762085, 0.270684152841568, 0.26099318265914917, 0.2670002579689026, 0.2263110876083374, 0.2629431486129761, 0.21602091193199158, 0.18886497616767883, 0.17313876748085022, 0.2220752239227295, 0.19598326086997986, 0.16951799392700195, 0.15287183225154877, 0.19129043817520142, 0.17045274376869202, 0.1580924689769745, 0.16258177161216736, 0.1610971987247467, 0.16872549057006836, 0.14247922599315643, 0.12585556507110596, 0.10231785476207733, 0.1448429673910141, 0.10501323640346527, 0.1150263100862503, 0.11418922245502472, 0.1390906274318695, 0.09133325517177582, 0.10814124345779419, 0.09533707052469254, 0.07292970269918442], "dev": [0.0, 0.0], "test": [0.0, 0.0]}